<?xml version="1.0" encoding="UTF-8"?>
<project-private xmlns="http://www.netbeans.org/ns/project-private/1">
    <editor-bookmarks xmlns="http://www.netbeans.org/ns/editor-bookmarks/2" lastBookmarkId="0"/>
    <open-files xmlns="http://www.netbeans.org/ns/projectui-open-files/2">
        <group>
            <file>file:/home/lucasfranco/NetBeansProjects/livraria-evangelica-eng-sw/project/web/index.html</file>
            <file>file:/home/lucasfranco/NetBeansProjects/livraria-evangelica-eng-sw/project/web/WEB-INF/web.xml</file>
            <file>file:/home/lucasfranco/NetBeansProjects/livraria-evangelica-eng-sw/project/src/java/DAOclasses/PessoaDAO.java</file>
            <file>file:/home/lucasfranco/NetBeansProjects/livraria-evangelica-eng-sw/project/src/java/Classes/Fornecedor.java</file>
            <file>file:/home/lucasfranco/NetBeansProjects/livraria-evangelica-eng-sw/project/src/java/Classes/Pessoa.java</file>
            <file>file:/home/lucasfranco/NetBeansProjects/livraria-evangelica-eng-sw/project/src/java/Classes/PessoaJuridica.java</file>
        </group>
    </open-files>
</project-private>
